{
    "project": "project",
    "task": "batterybrandb",
    "epochs": 3,
    "jobs": 32,
    "batch_size": 128,
    "learning_rate": 0.0001,
    "cosine_factor": 0.1,
    "rnn_type": "gru",
    "model_type": "rnn",
    "kernel_size": 3,
    "nhead": 2,
    "dim_feedforward": 2048,
    "hidden_size": 1024,
    "num_layers": 1,
    "bidirectional": true,
    "smoothing": false,
    "latent_size": 24,
    "noise_scale": 0.01,
    "anneal_function": "linear",
    "k": 0.0025,
    "x0": 500,
    "anneal0": 0.1,
    "variable_length": false,
    "min_length": 30,
    "nll_weight": 5,
    "latent_label_weight": 1,
    "save_model_path": "./dyad_vae_save",
    "granularity_all": 1000,
    "num_granularity_all": 100,
    "granularity_car": 1000,
    "num_granularity_car": 200,
    "use_flag": "rec_error",
    "test_path": "E:/23659323/battery_brand2/battery_brand2/test",
    "train_path": "E:/23659323/battery_brand2/battery_brand2/train",
    "evaluation_path": "E:/23659323/battery_brand2/battery_brand2/label"
}