{"exp_name": "lstm_ae_battery_exp_1", "agent": "RecurrentAEAgent", "rnn_type": "LSTM", "rnn_act": "None", "n_layers": 1, "latent_dim": 32, "n_features": 6, "learning_rate": 0.001, "batch_size": 128, "batch_size_val": 100, "max_epoch": 20, "loss": "MAE", "lambda_auc": 0.1, "sampler_random_state": 88, "training_type": "one_class", "validation_type": "one_class", "checkpoint_file": "checkpoint.pth.tar", "checkpoint_dir": "./experiments/checkpoints/", "load_checkpoint": false, "cuda": true, "device": "cuda:0", "gpu_device": 0, "seed": 58, "val_ratio": 0, "fold_num": 1, "debug": 0}